,名称,创建日期,播放次数,收藏量,转发量,评论数,歌单长度,tag1
0,夏日多巴胺 | 分泌快乐因子 释放自由心情,2024-08-14,266829,658,11,1,40,nan nan nan
1,唯美国风韵 | 如听仙乐耳暂明,2024-11-26,1184707,4023,24,44,80,nan nan nan
2,重返2001 | 从孙燕姿开始聆听精彩2001,2021-07-06,1336309,9452,49,21,106,nan nan nan
3,旧日金曲漫步 | 那些年一起听的歌 还记得吗,2019-05-31,6659379,49216,352,633,30,nan nan nan
4,心情起飞 | 旋律在耳 让好心情原地起飞,2025-05-13,156459,460,3,3,50,nan nan nan
5,女声试音必备 | 超好听的极致女声盛宴,2023-06-15,416188,3366,9,7,67,nan nan nan
6,今日全网热门 | 精选优质爆火歌曲等你来听,2024-04-16,394222,845,1,2,454,nan nan nan
7,全世界失眠 | 把心事藏进歌里 用俄语诉说思念,2022-07-13,1583493,8954,112,42,70,nan nan nan
8,宿命感KPop | 直击灵魂 酣畅淋漓的听觉盛宴,2025-03-03,76087,2001,7,3,60,nan nan nan
9,夏日甜品站 | 点击获取糖度满分的夏日甜品菜单,2023-06-21,155547,893,20,3,50,nan nan nan
10,KPop治愈解药 | 低谷期的救赎 让音乐抱抱你吧,2025-05-15,140279,494,6,4,60,nan nan nan
11,YG娱乐 | 独树一帜的韩流缔造者,2023-03-27,324700,8787,32,7,80,nan nan nan
12,KPop练舞室 | 音乐响起 你就是idol,2022-06-10,6213472,45499,411,196,30,nan nan nan
13,驾车听KPop | 跟随KPop感受微风的轻抚,2024-03-01,147911,947,10,1,60,nan nan nan
14,记忆之声 | CD里的经典年代,2021-07-06,1696269,9974,56,16,91,nan nan nan
15,夏日游乐园 | 夏季的甜蜜欢快小心绪,2023-06-21,315871,1764,13,5,59,nan nan nan
16,夏日欧美 | 炎炎夏日的解暑热单,2023-05-19,297813,1357,21,4,151,nan nan nan
17,KTV聚会 | 经典KPop唱不停,2024-01-12,103337,303,3,2,80,nan nan nan
18,夏日华语 | 美好夏日 奔向海边,2023-05-19,2092427,7353,49,10,84,nan nan nan
19,听张学友热门精选,2022-10-18,6227706,22150,188,76,30,nan nan nan
20,UK流行热单 | 近10年热门欧美热单听我的,2023-02-06,1630827,10745,49,24,30,nan nan nan
21,重返1999 | 从莫文蔚阴天开始回顾1999经典,2021-09-06,976196,6020,31,10,106,nan nan nan
22,欧美流行专属,2024-11-25,1718033,4999,72,10,30,nan nan nan
23,2014伤感热播 | 和林俊杰一起拾起2014遗憾碎片,2025-09-16,72836,629,1,1,60,nan nan nan
24,欧美热播2018 | 和断眉一起回顾2018流行浪潮,2024-06-20,387472,1912,8,6,59,nan nan nan
25,华语流行Hi-Res | 热门华语歌曲随身听,2023-08-04,3438889,17663,64,15,58,nan nan nan
26,韩语热歌精选 | aespa《Whiplash》强势登顶,2024-04-10,319439,4527,21,8,76,nan nan nan
27,青少年流行 | 童声活泼演绎流行好歌,2020-08-04,2195245,23529,133,117,166,nan nan nan
28,KTV必唱金曲 | 经典流行 陪你畅歌一整天,2024-03-14,1641072,8979,91,11,110,nan nan nan
29,冬日欧美 | 为你唱响冬日的歌,2023-11-30,478047,1424,5,4,50,nan nan nan
30,华语音综专属,2024-11-25,77186,2563,2,1,30,nan nan nan
31,Sad Girls | 绵言细语里的深情,2023-03-13,890566,4050,56,18,82,nan nan nan
32,心动圣诞夜 | 让比伯开启圣诞夜的浪漫心动,2022-12-19,861091,4543,71,50,72,nan nan nan
33,2024伤感热播 | 和周深一起回望2024的那些遗憾,2025-02-27,301632,3245,3,3,66,nan nan nan
34,中频试音专用 | 发烧级中频试音碟,2023-05-30,111449,920,5,2,59,nan nan nan
35,1990s欧美热播 | 从玛丽亚·凯莉开始回顾1990年代欧美金曲,2025-03-03,853657,1384,14,3,201,nan nan nan
36,一起聚餐吧 | 和朋友一起享受美食盛宴,2023-04-27,290869,1197,24,11,60,nan nan nan
37,夏日回忆 | 在熟悉的旋律中回到怀念的日子,2024-07-24,96345,395,5,6,80,nan nan nan
38,闽南妙音 | 质而不俚的方言韵味,2021-03-30,225992,1422,26,7,56,nan nan nan
39,圣诞经典流行 | 牛姐带你开启圣诞,2022-12-19,1577819,6786,186,127,59,nan nan nan
40,专治不开心 | 恢复能量 好心情从现在开始,2023-04-27,2919179,15177,181,57,70,nan nan nan
41,KPop浪漫时光 | 编织无尽爱意 享受无限浪漫,2024-10-12,109724,881,5,5,80,nan nan nan
42,韩剧OST Top100 | 最热门韩剧原声带100首大合集,2025-01-16,509580,3157,29,1,100,nan nan nan
43,"宝岛华语流行 | 椅子乐团,郭静,许含光领衔带来宝岛新鲜歌曲",2020-12-25,5497082,11232,258,116,144,nan nan nan
44,重返2011 | 从陈奕迅开始回顾2011经典热单,2023-06-21,927162,7268,18,8,99,nan nan nan
45,雨天漫步 | 在浪漫的雨天听KPop,2023-03-16,559106,4015,52,20,79,nan nan nan
46,2024宝岛热播 | 从韦礼安开始畅听2024宝岛热歌,2024-12-30,198364,1240,7,2,79,nan nan nan
47,重返2015 | 从林俊杰开启2015聆听之旅,2023-06-21,492002,6176,13,6,100,nan nan nan
48,通勤KPop | KPop陪你快乐上下班,2023-03-07,1223480,5600,41,28,100,nan nan nan
49,韩剧回忆录 | 承包你的热门韩剧回忆,2023-03-22,499283,3618,15,14,80,nan nan nan
50,2025全英音乐奖 | 获奖提名全收录 洗茶Charli xcx成最大赢家,2024-01-26,500837,2415,39,30,79,nan nan nan
51,高燃KPop | 肾上腺素狂飙的超燃节奏 提神运动健身必备,2025-03-20,193259,656,10,4,80,nan nan nan
52,被翻唱韩语盘点 | 原来这些华语金曲都是翻唱的韩国歌,2025-04-02,26353,650,16,1,50,nan nan nan
53,驾车听J-Pop | 沿路寻找霓虹般的风景,2023-12-28,176521,1737,5,9,71,nan nan nan
54,欧美热播2017 | Ed Sheeran带你重温经典旋律,2024-06-20,331931,1447,14,2,61,nan nan nan
55,打游戏听J-Pop | 活力满满 畅玩不停,2024-07-29,88981,3166,3,3,70,nan nan nan
56,英国官方榜年中最佳单曲 | 速戳！2025上半年热单全收录,2025-07-24,94533,349,8,1,40,nan nan nan
57,2025全英音乐奖 | 获奖提名全收录 洗茶Charli xcx成最大赢家,2024-01-26,500837,2415,39,30,79,nan nan nan
58,重返1999 | 从莫文蔚阴天开始回顾1999经典,2021-09-06,976196,6020,31,10,106,nan nan nan
59,嗨唱KTV | KPop人不可错过的KTV必唱清单,2024-10-30,157843,726,9,7,70,nan nan nan
60,2013伤感热播 | 和张杰一起回顾2013苦涩情歌,2025-09-16,69050,203,6,8,60,nan nan nan
61,英国官方榜年中最佳专辑 | 一键锁定2025上半年口碑佳作,2025-07-24,103055,470,10,3,40,nan nan nan
62,欧美热播2012 | 还记得打雷姐那首夏日必听吗,2024-06-20,162290,1122,10,6,45,nan nan nan
63,一个人听粤语 | 独处不孤单 超好听粤语陪你过,2024-03-14,828938,2857,13,10,62,nan nan nan
64,2014伤感热播 | 和林俊杰一起拾起2014遗憾碎片,2025-09-16,72836,629,1,1,60,nan nan nan
65,音综流行热歌 | 薛之谦 平庸 和200首精选音综现场,2020-04-28,22457714,70344,471,145,205,nan nan nan
66,现在就出发 | 快乐旋律伴你奔赴美好,2025-09-30,194578,276,3,4,50,nan nan nan
67,"全球西语趋势 | ROSALÍA,Young Miko领衔带来近期西语热歌",2023-02-06,827344,2917,49,33,80,nan nan nan
68,低倍速热单 | 按下慢速键 感受当下完美时刻,2023-02-14,433409,1529,7,4,60,nan nan nan
69,重返2005 | 跟随王蓉《哎呀》进入2005,2021-07-06,1219217,8764,30,16,110,nan nan nan
70,小清新KPop | 温柔清澈的放松治愈旋律,2025-02-21,73045,544,4,3,70,nan nan nan
71,七夕国风甜恋 | 今朝相执手 祈愿共白头,2024-10-31,39397,1195,5,2,90,nan nan nan
72,记忆之声 | CD里的经典年代,2021-07-06,1696269,9974,56,16,91,nan nan nan
73,西语热浪 | 为你的生活注入热情,2023-02-23,614173,2639,45,13,97,nan nan nan
74,旧日金曲漫步 | 那些年一起听的歌 还记得吗,2019-05-31,6659379,49216,352,633,30,nan nan nan
75,夏日甜品站 | 点击获取糖度满分的夏日甜品菜单,2023-06-21,155547,893,20,3,50,nan nan nan
76,Circle全球流媒年榜 | 席卷全球的中毒旋律APT. 勇夺年冠,2024-04-09,73124,1521,5,3,100,nan nan nan
77,Happy 1980s | 跟着上世纪的节奏摇头晃脑,2023-06-26,131307,788,8,5,60,nan nan nan
78,热力JYP | 潮流回归 pick你的爱豆,2024-04-29,30364,842,2,3,70,nan nan nan
79,宿命感KPop | 直击灵魂 酣畅淋漓的听觉盛宴,2025-03-03,76087,2001,7,3,60,nan nan nan
80,欧美热播2016 | 重温R&B天王The Weeknd崛起时刻,2024-06-20,394823,2281,21,11,61,nan nan nan
81,狂欢时刻 | 用一首歌摆脱丧气,2021-04-07,35215,357,178,4,40,nan nan nan
82,感动瞬间 | 致每一刻都不曾放弃的你,2023-03-24,23065,545,2,2,39,nan nan nan
83,驾车必备 | 节奏至上 开车路上甩掉孤单,2021-04-07,42040,580,9,1,40,nan nan nan
84,动听灵魂乐 | 喜欢无需铺垫 几秒就能沉醉,2018-07-06,28366908,480000,5418,1308,60,nan nan nan
85,韩剧OST Top100 | 最热门韩剧原声带100首大合集,2025-01-16,509580,3157,29,1,100,nan nan nan
86,流行风向标 | 不容不听的动人旋律,2023-03-13,62687,3001,32,286,50,nan nan nan
87,甜蜜舞曲 | 用恋爱甜味剂套牢你的耳朵,2021-04-07,42187,390,13,4,50,nan nan nan
88,OST大赏 | 盘点那些你一定听过的OST,2022-08-15,165524,2194,22,19,39,nan nan nan
89,舒心轻音乐 | 嘈杂都市需要来点轻音乐放松身心,2018-07-17,3535431,45473,801,210,40,nan nan nan
90,二次元ACG | 一开口就被拉入动漫世界,2023-03-27,331639,12235,64,49,60,nan nan nan
91,经典回忆杀 |  声声入心，怀旧金曲大盘点,2023-01-17,84842,816,2,2,50,nan nan nan
92,经典曲目 | 回望爱的黄金年代,2022-12-26,249331,2100,21,10,50,nan nan nan
93,椅子乐团用温柔塞满日常的镜头,2023-05-10,44496,95,9,6,20,nan nan nan
94,通宵大作战 | 打工人必备加油打气歌单,2018-10-10,398280,10277,529,171,50,nan nan nan
95,快乐出发 | 旅行路上怎么少了音乐,2023-05-11,76319,288,8,4,40,nan nan nan
96,春日时光 | 感受花香的气息,2023-05-11,59532,134,1,7,40,nan nan nan
97,欧美节奏 | 体检踩点的快乐,2023-05-12,290651,780,20,7,40,nan nan nan
98,爱的箴言 | 婚礼音乐清单,2023-05-12,77961,346,6,1,38,nan nan nan
99,力量训练 | 铁肌锤炼必备音乐,2023-05-11,534107,905,14,7,17,nan nan nan
100,冬日恋歌 | 雪花飘落下的冬日旋律,2023-05-11,24532,62,6,1,40,nan nan nan
101,刷题专用 | 脑细胞工程背景音,2023-05-12,32209,297,2,4,34,nan nan nan
102,冬日放松 | 舒缓心灵,2023-05-11,62743,135,1,7,30,nan nan nan
103,旅行路上 | 假期放空进行时,2023-05-12,1294435,2098,24,22,30,nan nan nan
104,chill自驾 | 独享慵懒旅途时光,2023-05-12,95140,452,2,2,40,nan nan nan
105,电波甜蜜 | 沉浸温柔的音乐世界,2023-06-01,34768,129,2,5,39,nan nan nan
106,粤语情歌 | 爱意是双向奔赴,2023-05-12,900170,2378,20,5,29,nan nan nan
107,露营BGM | 轻松一刻,2023-05-11,45575,226,7,2,40,nan nan nan
108,消遣放松 | 安静的耳边旋律,2023-05-11,217703,414,5,11,41,nan nan nan
109,快乐起飞 | 邂逅一次完美的旅行,2023-05-11,98569,267,12,9,39,nan nan nan
110,快乐旅行指南 | 出行路上怎能缺少音乐,2023-05-11,468923,1164,43,6,40,nan nan nan
111,夜色香江 | 沉浸于香港夜晚的伤感旋律,2023-06-01,78545,233,3,1,39,nan nan nan
112,欧美情调 | 一起探索浪漫的私密空间,2023-06-01,48569,216,3,8,37,nan nan nan
113,伤感粤语 | 心事浓于夜色,2023-06-01,300392,722,9,3,40,nan nan nan
114,夜色如墨 | 沉浸伤感旋律,2023-06-01,39110,222,4,1,38,nan nan nan
115,恋爱音乐 | 用音乐表达恋爱的灵魂,2023-06-01,24423,130,1,1,38,nan nan nan
116,神秘恋曲 | 沉浸在梦幻氛围中,2023-06-01,34037,127,3,1,40,nan nan nan
117,日系伤感 | 浅听夜的私语,2023-06-01,111926,1176,4,9,35,nan nan nan
118,恋爱情调 | 用音乐传递爱情讯息,2023-06-01,46354,219,2,2,38,nan nan nan
119,伤感英文 | 在音乐里俯拾回忆,2023-06-01,329257,1407,19,8,30,nan nan nan
120,伤感韩语集 | 有那么一瞬间突然破防,2023-06-01,61946,378,3,5,36,nan nan nan
121,夜色沉寂 | 心里的悲伤叮咚作响,2023-06-01,49142,282,1,6,38,nan nan nan
122,深夜思绪 | 歌词里的回忆最伤人,2023-06-01,35943,158,4,1,38,nan nan nan
123,深夜寂寥 | 沉迷于思念的无眠中,2023-06-01,18243,152,3,1,39,nan nan nan
124,伤感流行 | 声音穿过夜色悲伤,2023-06-01,93018,349,10,2,39,nan nan nan
125,韩系氛围 | 把孤独放进歌里,2023-06-01,138759,579,4,4,36,nan nan nan
126,恋爱乐章 | 在浪漫氛围中开启恋爱旅程,2023-06-01,43925,230,4,1,35,nan nan nan
127,温柔思念 | 沉迷于亲密之中,2023-06-01,20118,83,1,1,40,nan nan nan
128,流年如梦 | 沉浸在思念的时光里,2023-06-01,644674,250,13,1,40,nan nan nan
129,缠绵依恋 | 在柔和氛围中,2023-06-01,31853,148,1,7,40,nan nan nan
130,爱的思绪 | 沉溺于幸福之中,2023-06-01,58286,331,2,5,40,nan nan nan
131,梦幻之恋 | 让我们一起飞向天空,2023-06-01,16188,183,1,2,40,nan nan nan
132,心有所属 | 思念中的柔软,2023-06-01,38895,216,1,1,40,nan nan nan
133,思念在线 | 思念缠绵的音符,2023-06-01,22737,76,2,10,40,nan nan nan
134,心有所系 | 思念中的归属感,2023-06-01,33032,110,6,12,40,nan nan nan
135,爱恋永恒 | 思念绵长的岁月,2023-06-01,532404,269,17,20,40,nan nan nan
136,流淌思念 | 追寻远方的回忆,2023-06-01,71522,174,8,8,40,nan nan nan
137,漫天星光 | 远方的你，如同漫天星光般璀璨,2023-06-02,161196,417,2,6,40,nan nan nan
138,远行思念 | 流淌着追忆的旋律,2023-06-01,6853,73,4,11,40,nan nan nan
139,远方传来思念 | 流淌着回忆的旋律,2023-06-01,315230,495,6,8,40,nan nan nan
140,夜色沉浸 | 温柔旋律，梦幻夜晚,2023-06-02,80341,377,6,8,40,nan nan nan
141,回忆旋律 | 思念远方的心情,2023-06-01,651995,700,26,29,40,nan nan nan
142,校园午后 | 放松身心，享受校园生活的悠然时光,2023-06-02,352252,1511,23,10,40,nan nan nan
143,唤醒好心情 | 清晨欢快音乐推荐,2023-06-02,230673,217,3,2,39,nan nan nan
144,校园狂欢 | 留下最热烈的时光,2023-06-02,55771,1457,6,4,40,nan nan nan
145,起床必备 | 清晨元气唤醒音乐,2023-06-02,440614,697,5,1,40,nan nan nan
146,漫游心海 | 在心海中漫游，思念着远方的你，感受着生命的美好,2023-06-02,202720,272,10,3,40,nan nan nan
147,逝水流年 | 远方的思念，如流水般悠长,2023-06-02,484144,691,12,17,40,nan nan nan
148,唤醒思念 | 远方回忆的呼唤,2023-06-01,385857,554,14,10,40,nan nan nan
149,无尽遐思 | 远方的思念，如同无尽的遐思，难以停歇,2023-06-02,352850,483,17,12,40,nan nan nan
150,远方思绪 | 流淌着追忆的泪水,2023-06-01,275124,514,11,10,40,nan nan nan
151,清晨旋律 | 听见清新活力的新一天,2023-06-02,357938,299,6,4,39,nan nan nan
152,氛围感 | 微醺夜色里有浪漫的味道,2023-06-02,187144,350,8,2,40,nan nan nan
153,校园青春 | 沉淀内心，感受宁静,2023-06-02,19327,787,1,11,40,nan nan nan
154,中式慵懒 | 微醺的迷人小调,2023-06-02,319329,984,17,4,40,nan nan nan
155,校园音符 | 沉浸在青春的美好之中,2023-06-02,19387,559,3,1,39,nan nan nan
156,夜幕降临 | 欧美流行乐在浪漫夜晚的私语,2023-06-02,106122,471,3,6,40,nan nan nan
157,恋夜微醺 | 爱情微醺，音乐沉醉,2023-06-02,121001,574,12,3,40,nan nan nan
158,节奏唤醒 | 燃起清晨能量！,2023-06-02,184927,207,2,7,39,nan nan nan
159,醉美夜色 | 微醺旋律，沉醉心扉,2023-06-02,18296,132,3,4,40,nan nan nan
160,静谧学堂 | 在图书馆角落里，感受知识的静谧韵味,2023-06-02,102191,439,2,4,40,nan nan nan
161,夜色旋律 | 沉醉在微醺的夜晚,2023-06-02,134511,263,9,1,40,nan nan nan
162,清新早晨 | 唤醒沉睡的身体,2023-06-02,95009,183,3,2,40,nan nan nan
163,课间休息 | 放松身心，享受校园生活,2023-06-02,272162,793,12,23,40,nan nan nan
164,微醺时刻 | 独享夜晚的慵懒旋律,2023-06-02,189897,514,8,2,40,nan nan nan
165,星空漫游 | 在星空下，思念远方的你,2023-06-02,163276,261,3,21,40,nan nan nan
166,思念远方 | 流淌着回忆的旋律,2023-06-02,101172,211,2,6,39,nan nan nan
167,活力满满 | 清晨惬意唤醒曲,2023-06-02,111899,200,4,12,40,nan nan nan
168,珍藏回忆歌曲 | 挖掘珍藏的CD，重温音乐记忆,2023-06-02,55415,157,3,2,40,nan nan nan
169,活力满满 | 清晨精神唤醒曲,2023-06-02,178641,240,1,1,40,nan nan nan
170,心有所属 | 远方的你是我心有所属的地方，是我永远的归宿和依靠,2023-06-02,21749,123,5,21,40,nan nan nan
171,思念如歌 | 我心中永远的风景，随处可见,2023-06-02,460560,796,26,9,40,nan nan nan
172,隔山望海 | 回忆中的你，远在天边,2023-06-02,31682,103,2,2,40,nan nan nan
173,漫漫长路 | 远方的你，是我前行的动力,2023-06-02,22228,83,3,3,40,nan nan nan
174,闲适校园 | 小憩片刻，享受静谧时光,2023-06-02,256471,799,11,6,40,nan nan nan
175,清晨之声 | 听见生命的召唤,2023-06-05,76440,243,2,3,40,nan nan nan
176,快乐起床 | 清晨唤醒好心情,2023-06-02,607984,346,6,13,40,nan nan nan
177,动感早操 | 唤醒身体的动感音乐,2023-06-02,65579,120,5,1,40,nan nan nan
178,清晨旋律 | 唤醒新的一天,2023-06-05,78333,159,2,3,40,nan nan nan
179,感受清晨 | 唤醒大自然的音乐,2023-06-05,75594,258,1,2,40,nan nan nan
180,欢快早晨 | 清晨唤醒快乐节拍,2023-06-05,187963,463,4,3,38,nan nan nan
181,洗澡专用 | 让你的沐浴更加惬意,2023-06-06,302144,1034,20,5,40,nan nan nan
182,情话纷飞 | 共度浪漫午后,2023-06-05,72157,275,6,4,40,nan nan nan
183,浴室音乐盛典 | 寻找最佳浴室歌手,2023-06-06,210986,634,10,2,40,nan nan nan
184,在路上 | 自由在风里，在城市的烟火里,2023-06-09,267657,437,2,2,40,nan nan nan
185,慵懒午后 | 与好友分享惬意时光,2023-06-05,114333,389,5,5,40,nan nan nan
186,浴室必备 | 放松身心的音乐推荐,2023-06-06,197671,476,1,1,39,nan nan nan
187,享受沐浴 | 聆听水滴之间的私语,2023-06-06,48719,284,3,4,40,nan nan nan
188,浴室音乐节 | 放松身心，享受音乐之旅,2023-06-06,269046,646,7,1,40,nan nan nan
189,浴室麦霸 | 如何成为浴室之音,2023-06-06,869809,471,4,2,43,nan nan nan
190,微甜情话 | 约会时的心动氛围,2023-06-05,220663,917,18,7,40,nan nan nan
191,独享浴室时光 | 陶冶你的心灵,2023-06-06,27621,140,2,1,40,nan nan nan
192,欢乐洗澡 | 打造私人浴室演唱会,2023-06-06,242019,934,10,9,40,nan nan nan
193,旅途中 | 一个晴朗有风的下午,2023-06-09,271657,358,12,6,39,nan nan nan
194,去探索 | 去追城市穿堂而过的风,2023-06-09,54715,220,11,1,38,nan nan nan
195,放松音乐串烧 | 在浴室中找到内心的安宁,2023-06-06,89946,350,1,1,40,nan nan nan
196,清新浴室 | 沐浴放松的乐趣,2023-06-06,78176,408,9,1,40,nan nan nan
197,狂欢进行时 | 享受沐浴乐趣,2023-06-06,419437,439,6,5,40,nan nan nan
198,城市漫游记 | 日式旋律里的城市漫游足迹,2023-06-09,509251,356,3,2,40,nan nan nan
199,日系舞曲 | 沉浸在日系音乐的宅舞世界,2023-06-07,64858,1066,10,4,40,nan nan nan
200,城市探秘 | 在音乐中发现旅行的乐趣,2023-06-08,21585,168,2,2,40,nan nan nan
201,公路之旅 | 音乐开启自由之路,2023-06-09,197013,933,15,9,40,nan nan nan
202,韩舞魔力 | 尽情释放内心的热情,2023-06-07,112245,495,3,3,40,nan nan nan
203,浴池派对 | 与泡泡共舞,2023-06-06,111180,282,2,3,40,nan nan nan
204,出行记录 | 一场蓄谋已久城市逃离,2023-06-09,62714,141,1,2,39,nan nan nan
205,出发吧 | 从平淡的生活里越狱,2023-06-09,90029,283,8,5,40,nan nan nan
206,宅舞热门曲目 | 经典动漫音乐的跳跃呈现,2023-06-07,18605,1020,7,1,40,nan nan nan
207,热舞韩流 | 一起跟随节奏起舞,2023-06-07,63726,265,1,2,40,nan nan nan
208,公路私语 | 聆听欧美流行的心跳,2023-06-09,462521,1895,22,5,40,nan nan nan
209,韩国女团 | 性感舞蹈，俘获你的心,2023-06-07,74717,229,1,5,40,nan nan nan
210,韩舞潮流 | 掀起K-POP热潮,2023-06-07,169715,815,1,2,40,nan nan nan
211,沐浴节奏 | 沉浸快乐泡泡中,2023-06-06,194683,834,14,5,40,nan nan nan
212,10年代新潮旋律 | 感受华语流行新潮的旋律,2023-09-21,4022,21,1,1,30,nan nan nan
213,男声流行 | 经典之作一次听过瘾,2023-10-25,3454,65,1,1,30,nan nan nan
214,孙盛希 | 实力惊人的唱作小天后,2024-02-28,23643,99,1,5,19,nan nan nan
215,布朗尼 | 慵懒轻盈，甜而不腻的布朗尼,2023-11-30,35870,193,6,5,20,nan nan nan
216,中文流行音乐的灵魂新声,2023-12-21,18332,68,2,2,20,nan nan nan
217,Veegee徐若侨 | 嗓音独特的新生代R&B女声,2024-05-23,13255,45,1,3,20,nan nan nan
218,吴垚滔 | 细腻真挚的00后说唱诗人,2024-10-11,22022,134,1,9,20,nan nan nan
219,Deca Joins、浅堤、白日密语、SoulFa 灵魂沙发,2025-03-21,1529,34,1,1,30,nan nan nan
220,钱润玉 | 融汇中西音乐的全能唱作人,2024-05-23,2691,56,1,2,20,nan nan nan
221,CUBE精选 | 独树一帜的Hit Song制造机,2023-01-16,129581,1118,29,60,100,nan nan nan
222,方格毛毯 | 用独立流行编织浪漫幻想,2025-09-03,9193,49,3,1,18,nan nan nan
223,韩语经典 | YG in your area,2023-01-11,119967,1977,33,53,100,nan nan nan
224,"抒情旋律 | 坐在夕阳里,看城市打哈欠",2023-01-06,269344,1141,26,21,45,nan nan nan
225,88rising | 亚洲音乐的韵律,2023-01-06,519059,5012,97,68,45,nan nan nan
226,韩语精选 | 风格百变的大势solo歌手们,2023-01-06,321928,2624,46,158,100,nan nan nan
227,相信音乐 | 丁当热门歌曲精选,2022-12-26,579455,2450,56,134,60,nan nan nan
228,华语流行 | 时光回溯中的流行原创音乐,2023-01-13,715187,2407,58,145,59,nan nan nan
229,华语青春站 | 梦回千禧复古专场,2022-12-26,610695,2284,28,66,45,nan nan nan
230,相信音乐 | 唤起心中尚未崩坏的地方,2022-12-26,3582037,32195,955,1503,83,nan nan nan
231,波丽佳音 | 万首人气JPOP恢复上架,2022-11-28,969879,8085,186,384,94,nan nan nan
232,平井 大 | 海洋系创作歌手,2022-11-22,280445,2072,40,27,50,nan nan nan
233,华语经典 | 平凡的日子也泛着光,2022-10-26,233905,1479,58,51,88,nan nan nan
234,编辑部推荐 | 2022年第三季度最佳单曲,2022-10-23,627743,3496,83,149,50,nan nan nan
235,WayV | 星光不问赶路人,2022-10-24,247290,1787,175,421,46,nan nan nan
236,爱贝克思 | 打卡JPOP的时代记忆,2022-11-21,393836,2910,82,70,50,nan nan nan
237,YG娱乐 | BLACKPINK热门歌曲精选,2022-07-18,1113375,18604,447,483,21,nan nan nan
238,YG娱乐 | 你的夏日KPOP特典,2022-07-18,6132627,90886,3962,2755,99,nan nan nan
239,戴佩妮精选 | 一朵叛逆的野蔷薇,2022-07-29,133394,635,5,3,41,nan nan nan
240,YG娱乐 | BIGBANG热门歌曲精选,2022-07-18,1483414,21051,686,709,42,nan nan nan
241,龙韬娱乐 | 做最有态度的音乐,2022-08-17,143924,638,37,127,67,nan nan nan
242,滚石唱片 | 青涩岁月里的五月天,2022-07-08,1579787,2985,42,9,49,nan nan nan
243,谁是宝藏歌手 | 综艺音频全收录,2021-04-27,1473155,13569,125,87,93,nan nan nan
244,滚石唱片 | 经典爱情故事,2022-07-11,3286381,14294,222,42,81,nan nan nan
245,滚石唱片 | 光良+品冠=无印良品,2022-07-08,39894,484,5,3,100,nan nan nan
246,福茂唱片回归云村 | 韦礼安热门精选,2022-04-08,109076,778,29,82,49,nan nan nan
247,龙韬娱乐 | 来自Z世代创作人的多元音乐,2022-09-26,32191,248,13,11,42,nan nan nan
248,"时代峰峻 | 夏天到了,少年们回来了！",2022-06-07,1419845,31056,9741,2172,100,nan nan nan
249,时代峰峻 | TFBOYS热门歌曲精选,2022-06-17,1257375,26809,682,1352,38,nan nan nan
250,SM娱乐 | 和韩流初心再次重逢,2022-05-31,4381862,55168,2365,2576,100,nan nan nan
251,编辑部推荐 | 2022上半年最佳单曲,2022-07-26,1217956,4673,182,418,50,nan nan nan
252,中国好声音 | 音乐梦想无畏向前,2022-08-03,121979,1394,13,26,100,nan nan nan
253,韩语精选 | Kpop非主打收录曲之光,2022-11-10,64275,2475,26,34,100,nan nan nan
254,SM娱乐 | EXO热门歌曲精选,2022-05-27,994054,19582,629,754,100,nan nan nan
255,福茂唱片 | 庾澄庆热门歌曲精选,2022-04-06,33191,144,7,27,56,nan nan nan
256,ANIPLEX精选 | 无论几岁，我们都需要动画,2022-05-25,175046,4669,97,127,30,nan nan nan
257,福茂唱片 | 这是一份待认领的青春,2022-03-21,1364187,8117,1031,498,100,nan nan nan
258,福茂唱片 | 范玮琪热门歌曲精选,2022-03-23,105385,738,28,110,74,nan nan nan
259,福茂唱片 | 张韶涵热门歌曲精选,2022-03-23,1196520,10266,399,1259,76,nan nan nan
260,云村热门 | 2022年一月最热单曲Top50,2022-02-08,685888,1642,20,43,49,nan nan nan
261,乐华娱乐 | 韩庚热门歌曲精选,2021-12-29,170102,481,19,97,76,nan nan nan
262,英皇娱乐 | Twins热门歌曲精选,2021-11-08,630590,6322,113,220,79,nan nan nan
263,王一博出道11周年 | 十一如一，节节向上自昂扬,2021-12-29,482125,7463,138,507,21,nan nan nan
264,鹿晗 | 共同探寻力量的勋章,2021-11-29,1125078,23322,1193,3665,52,nan nan nan
265,乐华娱乐 | NEXT热门歌曲精选,2021-12-30,59151,592,6,41,70,nan nan nan
266,英皇娱乐 | 谢霆锋热门歌曲精选,2021-11-08,462863,4665,86,270,80,nan nan nan
267,英皇娱乐 | 陈奕迅热门歌曲精选,2021-11-08,3745313,41036,1258,1018,92,nan nan nan
268,英皇娱乐 | 洪卓立热门歌曲精选,2021-11-08,203568,1305,27,51,59,nan nan nan
269,风华秋实 | 华语乐坛的共振时刻,2021-11-29,1569207,3803,179,536,100,nan nan nan
270,英皇娱乐 | 容祖儿热门歌曲精选,2021-11-08,622178,6104,114,217,82,nan nan nan
271,乐华娱乐 | 闪光的青春之声,2021-12-28,890050,1795,181,396,89,nan nan nan
272,我的音乐你听吗 | 有谱村的音乐故事,2021-09-03,3341422,39953,485,336,99,nan nan nan
273,英皇娱乐 | 古巨基热门歌曲精选,2021-11-08,241981,1769,28,86,78,nan nan nan
274,英皇娱乐 | 陈伟霆热门歌曲精选,2021-11-08,150547,1154,29,108,60,nan nan nan
275,英皇娱乐 | 许靖韵热门歌曲精选,2021-11-08,135734,884,14,31,50,nan nan nan
276,SACRA MUSIC | 最强动漫音乐厂牌,2021-07-15,345797,12418,105,173,55,nan nan nan
277,英皇娱乐 | 李克勤热门歌曲精选,2021-11-08,198289,1612,41,70,60,nan nan nan
278,草莓星球来的人 | 综艺音频全收录,2021-11-04,41524,392,6,6,96,nan nan nan
279,时光音乐会 | 两季音频全收录,2023-02-28,1575454,15979,115,45,100,nan nan nan
280,为歌而赞 | 乐无正解 百赞成歌,2022-04-08,124482,947,6,5,100,nan nan nan
281,汪苏泷原创精选 | 走进实力唱作人音乐世界,2023-01-10,1042942,5089,57,920,57,nan nan nan
282,万人收藏 | 好歌挖掘机已上线,2023-05-06,2780408,7636,139,131,31,nan nan nan
283,梦想的声音 | 用歌声助力平凡梦想,2022-07-13,571849,5503,198,372,100,nan nan nan
284,冷门推荐 | 随机好歌收入囊中,2023-05-06,6133960,16269,280,516,31,nan nan nan
285,超高播放 | 超99%的人都在循环,2023-05-06,4955630,13071,169,312,31,nan nan nan
286,空气女声 | 云端漫步般的温柔质感,2023-05-10,11950,66,1,1,36,nan nan nan
287,蒙面歌王 | 用歌声俘获你的心,2022-08-03,1783669,8942,164,36,100,nan nan nan
288,秋色向晚│霜降多添衣 愿一切顺心如意,2025-10-15,103293,179,10,9,35,华语 流行 治愈
289,网易云音乐2025第三季度音乐榜单,2025-10-20,159153,993,58,349,50,华语 流行 说唱
290,拾起一片落叶，就把秋捧在了手心,2025-10-15,19608,61,2,1,21,华语 流行 思念
291,【00后回忆杀】那年经典和你,2022-12-18,376443,1169,23,8,50,华语 流行 怀旧
292,粤语小众向 l 耳机里的港曲新生代歌声,2025-10-15,42044,416,5,1,76,粤语 流行 感动
293,立冬快乐！被温柔的歌包裹 和世界软软贴贴,2025-11-04,251889,373,27,9,30,华语 流行 nan
294,万圣节真的不装了！隐藏人格启动,2025-10-29,152257,649,28,16,38,欧美 流行 兴奋
295,那些年火遍大江南北的韩语歌,2025-08-22,234077,3397,61,13,35,韩语 流行 散步
296,泰语榜Ⅰ泰语歌曲官方TOP 排行榜(每周更新）,2024-07-14,354705,1997,23,3,151,小语种 流行 榜单
297,张杰未LIVE开往1982演唱会歌单台州站,2023-11-01,1286311,14091,2064,233,74,华语 流行 nan
298,汪苏泷2025十万伏特2.0台州厦门演唱会歌单,2025-04-15,512264,4991,643,28,176,华语 流行 nan
299,情歌｜再给我一次机会 绝对不会再喜欢你,2025-02-07,117917,476,32,1,175,流行 华语 伤感
300,法语旋律控 | 来一场法式浪漫的穿越之旅,2021-01-30,28100,272,4,1,60,欧美 流行 浪漫
301,经典华语丨每一首都值得单曲循环的经典老歌,2025-08-02,349867,1438,23,2,106,华语 流行 怀旧
302,那些不经意哼出却不记得歌名的歌（记得收藏）,2024-06-18,3718667,3839,32,45,190,流行 伤感 网络歌曲
303,我醒了 确定我们真的不行,2025-04-26,67572,252,35,21,150,流行 伤感 nan
304,郑润泽余佳运沈以诚颜人中队长方大同,2023-07-16,391077,3545,83,15,61,流行 00后 华语
305,K-pop现象神曲 | 回听韩流超世代音浪,2025-03-07,158519,946,13,9,52,韩语 流行 怀旧
306,小甜歌｜心动频率满格 暧昧上头氛围BGM,2025-04-25,1801239,7806,171,23,63,流行 浪漫 快乐
307,日语经典、泡沫经济与东京,2020-11-04,224929,3765,54,17,105,日语 流行 怀旧
308,*动感十足*100首英文爆曲,2025-06-04,2038278,11403,209,24,37,流行 欧美 学习
309,地铁随身听 | 心跳加速的瞬间,2025-06-25,5282958,19841,240,248,136,流行 华语 欧美
310,要变成一个平静的人 这一刻要流很多眼泪,2025-07-21,81117,654,48,4,137,流行 伤感 夜晚
311,「快乐星球」 会让你心情变好的英文歌,2022-06-09,5005255,38407,629,125,119,欧美 流行 快乐
312,超棒的日系组合｜夜鹿 YOASOBI 真夜中,2022-07-03,444874,7219,61,32,112,日语 流行 治愈
313,欧美/辣妹 拽姐专属歌单,2025-08-01,180492,5090,3,2,44,欧美 说唱 流行
314,欢乐｜化妆洗澡时听的歌,2018-05-05,5025450,28905,367,164,171,流行 ACG 快乐
315,【K-POP】韩系甜曲•优质旋律•蜜音茕绕,2020-04-30,3553449,34428,433,447,234,韩语 流行 清新
316,恋爱脑退散！做个清醒独立大女主,2025-08-01,103188,822,10,4,50,流行 经典 治愈
317,李玖哲精选：从来没爱错的温柔歌者,2025-08-26,74830,345,12,9,57,华语 流行 R&B/Soul
318,英文甜系宇宙 | 阳光快乐氛围制造,2025-06-05,2176511,10668,7,4,102,欧美 流行 快乐
319,惊艳佳作｜百首旋律沉醉的英文女声,2016-05-01,26755488,400000,4297,1306,200,欧美 流行 榜单
320,纯女声华语｜我永不凋零的少女梦境,2018-03-17,22348094,220000,1848,1023,244,翻唱 华语 流行
321,【日系】【日料店专用】享受美食时光~,2016-09-17,297656,4407,98,66,239,日语 流行 下午茶
322,欧美放松向丨假期需要点节奏放松,2023-01-26,4112976,33450,437,86,264,欧美 放松 流行
323,电影氛围·高级唯美质感·审美积累,2024-09-10,513238,5740,119,26,75,欧美 浪漫 流行
324,不敢想象 用这首歌官宣会有多甜,2025-07-30,1047693,14680,128,18,113,流行 浪漫 治愈
325,[日系]念念不忘，必有回响,2021-01-05,22955,327,7,6,155,日语 流行 nan
326,【神外糙汉子】糙哥牛马上班路歌单,2025-08-05,11888,619,5,16,250,华语 欧美 流行
327,你的话是我反复回味的旋律,2025-09-02,89427,394,9,2,73,流行 伤感 nan
328,决战NMIXX神曲之巅（全收录共55首）,2024-08-21,33258,772,12,11,55,韩语 流行 00后
329,伤感| 藏在歌词里的困惑与心酸,2025-07-11,388327,1898,46,34,120,流行 伤感 安静
330,雾都雾里七个八｜SEVENTEEN全专收录,2025-02-26,36051,784,12,1,282,韩语 日语 流行
331,有人管的时候手破点皮都想伸过去哭一下,2025-03-16,79542,318,14,10,217,流行 夜晚 00后
332,“永远觉得你好 即使你不喜欢我”,2024-08-26,85649,216,7,8,237,伤感 网络歌曲 流行
333,神仙打架时期佳作｜一人一首成名曲,2025-07-01,1618674,4996,36,12,116,流行 华语 怀旧
334,女性主义｜越是恐惧越要出门去,2023-09-25,65363,1668,31,19,95,流行 放松 nan
335,【日语/欢快卡点】快进来听！,2021-05-04,154877,2567,10,15,160,日语 流行 快乐
336,华语R&B｜耳熟能详的华语经典RNB旋律控,2025-06-27,744595,1534,23,2,57,流行 R&B/Soul 华语
337,日语歌曲 「听了耳朵怀孕系列」,2016-06-28,4348504,70255,756,199,430,日语 流行 ACG
338,你说雨后重逢 我便决心走出这个雨季,2025-06-22,33119,256,5,6,112,流行 nan nan
339,泰语｜玫 瑰 何 须 长 成 松 柏,2020-01-05,105796,2197,75,23,413,影视原声 流行 治愈
340,宿命感很强的歌曲｜下一首旋律响起前相遇,2025-08-01,160199,2591,25,3,222,流行 伤感 经典
341,【你也喜欢·黄子弘凡】合集歌单 | 更新中,2024-06-10,265846,5173,47,17,66,流行 华语 伤感
342,永远有人爱你 有人永远爱你,2025-03-08,17760,110,18,99,107,流行 驾车 伤感
343,逆爱顺恨，尽在梓渝的歌里,2025-07-26,46547,584,6,5,64,华语 流行 网络歌曲
344,日系情歌 | 月色真美，只因有你,2025-04-02,38201,568,11,5,52,日语 流行 nan
345,kpop女团｜做自己的清醒大女主,2025-03-11,165176,777,10,5,103,韩语 流行 兴奋
346,深夜emo歌单 | 我真的爱你 句句不轻易,2022-01-03,21941554,2918,642,22,133,华语 流行 伤感
347,【全球下载量最高的单曲】 Top 100,2025-05-15,337216,1828,16,3,101,欧美 流行 榜单
348,深夜emo伤感丨一个人一首歌不同的故事,2024-06-04,18857782,17682,148,251,118,华语 流行 伤感
349,都市R&B | 浪漫 松弛 律动的耳机旋律,2025-07-26,184202,1620,67,13,72,华语 流行 R&B/Soul
350,台剧OST | 那些年我们一起追过的偶像剧,2025-04-06,1008309,8940,198,11,100,华语 流行 影视原声
351,韩剧ost|宿命般的爱情，开口沦陷,2024-06-13,100853,573,5,3,180,韩语 浪漫 流行
352,忧郁其实一直都是我的天赋,2025-03-09,135734,573,29,17,215,流行 nan nan
353,一键播放好心情：欢快小调 赶走不开心！,2025-05-25,312214,2436,55,10,136,欧美 流行 快乐
354,KPOP随舞|这谁能忍住不跟跳,2025-06-06,102046,634,9,1,188,韩语 流行 舞曲
355,“浪漫之旅：花向阳·心前行”,2020-02-06,425965,557,16,1,271,流行 华语 清新
356,华语｜100首经典老歌精选 90后回忆杀,2025-07-01,369124,999,14,2,110,流行 华语 校园
357,你的城市和你 都离我太远,2025-01-19,41805,193,13,5,93,流行 nan nan
358,那些不经意哼出却想不起歌名的歌,2025-07-30,215688,9448,11,4,186,流行 网络歌曲 说唱
359,郭静「天亮之前」巡回演唱会歌单,2025-06-22,30440,434,55,5,38,华语 流行 治愈
360,拯救歌荒！我心中的华语好歌TOP100,2025-02-11,2635438,5677,102,53,97,华语 流行 驾车
361,二十万评论歌单【百万评论】,2018-10-19,10868899,46749,973,106,205,流行 经典 nan
362,孙燕姿「就在日落以后」演唱会完整歌单2025,2025-04-05,867685,9556,1225,164,58,华语 流行 治愈
363,前奏响起，宿命感拉满～韩剧战歌,2024-04-16,1087317,10022,169,17,86,韩语 流行 浪漫
364,十个勤天-后陡门58（禾伙人）,2024-04-28,211729,2142,23,9,214,华语 流行 综艺
365,CityPop｜日本泡沫经济时代最迷人的旋律,2016-06-25,397826,6798,122,26,51,华语 流行 R&B/Soul
366,那些一遍又一遍放不腻的歌（持续更新）,2025-02-08,8616286,18157,289,970,168,华语 流行 网络歌曲
367,把孤独谱写成无人知晓的十四行诗,2025-06-19,518287,2692,30,22,68,华语 流行 伤感
368,【如果你也喜欢·郑润泽】合集歌单 ,2023-09-28,1650991,22582,266,104,47,华语 流行 伤感
369,心动小情歌 百分百甜蜜满分,2025-09-02,130578,1111,11,2,67,流行 nan nan
370,幸福请降临在全世界,2025-06-29,221859,1749,32,27,171,工作 流行 nan
371,爱人的眼睛是第八大洋,2023-02-04,6010742,40771,2097,531,266,流行 怀旧 思念
372,日系风 | 开口即爱无限循环,2024-04-25,33460,522,7,6,138,日语 流行 00后
373,韩•K-POP 超燃节奏感嗨翻全场！,2021-06-18,1160312,6812,75,48,159,韩语 流行 说唱
374,少爷该伤心了（晚上睡不着，那来听听吧）,2025-07-28,265421,1316,16,14,62,流行 夜晚 伤感
375,那些百听不厌的华语R&B,2023-12-20,445664,1907,40,5,61,华语 R&B/Soul 流行
376,时间不能治愈所有伤口,2022-06-28,227252,1872,236,18,192,流行 怀旧 华语
377,⊹ 栩你渝生·雷朋 ☽｜逆爱·顺恨,2019-10-21,1799798,28976,914,686,122,思念 治愈 流行
378,汪苏泷2025十万伏特2.0演唱会（持续更新）,2025-02-11,63355,734,74,14,154,华语 流行 nan
379,【日语歌单】倾诉一切吧 对那星辰。,2019-03-08,84011,1918,7,16,349,日语 流行 世界音乐
